{"last_tab":"15","foodbook_display_preloader":"1","foodbook_preloader_background":"","foodbook_preloader_background_two":"","foodbook_preloader_background_three":"","foodbook_display_backtotop":"1","foodbook_backtotop_icon_color":"","foodbook_backtotop_icon_background_color":"","foodbook_backtotop_icon_background_color_on_hover":"","foodbook_backtotop_icon_color_on_hover":"","foodbook_backtotop_icon_background_opacity":"0.6","foodbook_body_fonts":{"font-family":"","font-options":"","google":"1","font-weight":"","font-style":""},"foodbook_header_fonts":{"font-family":"","font-options":"","google":"1","font-weight":"","font-style":""},"foodbook_unlimited_color":"","foodbook_map_apikey":"AIzaSyCjkssBA3hMeFtClgslO2clWFR6bRraGz0","header_style":"two","foodbook_site_logo":{"url":"https:\/\/themelooks.net\/demo\/foodbook\/wp-content\/uploads\/2021\/01\/header_logo.png","id":"867","height":"35","width":"148","thumbnail":"https:\/\/themelooks.net\/demo\/foodbook\/wp-content\/uploads\/2021\/01\/header_logo.png"},"foodbook_site_logo_dimensions":{"width":"","height":"","units":"px"},"foodbook_site_logomargin_dimensions":{"units":"px","margin-top":"0","margin-bottom":"0"},"foodbook_site_title":"","foodbook_text_logo_color":"","foodbook_text_logo_color_hover":"","foodbook_sticky_site_logo":{"url":"https:\/\/themelooks.net\/demo\/foodbook\/wp-content\/uploads\/2020\/07\/header_logo.png","id":"134","height":"35","width":"148","thumbnail":"https:\/\/themelooks.net\/demo\/foodbook\/wp-content\/uploads\/2020\/07\/header_logo.png"},"foodbook_sticky_site_logo_dimensions":{"width":"","height":"","units":"px"},"foodbook_sticky_site_logomargin_dimensions":{"units":"px","margin-top":"0","margin-bottom":"0"},"account_button_image":{"url":"https:\/\/themelooks.net\/demo\/foodbook\/wp-content\/uploads\/2021\/01\/Account.svg","id":"874","height":"","width":"","thumbnail":"https:\/\/themelooks.net\/demo\/foodbook\/wp-content\/uploads\/2021\/01\/Account.svg"},"account_button_text":"Account","account_button_url":"#","foodbook_show_hide_social_logo":"1","foodbook_menu_trigger_bg":"","foodbook_menu_trigger_cross_bg":"","foodbook_header_background_color":"","foodbook_header_background_color_when_menu_show":"","foodbook_menu_color":"","foodbook_menu_active_color":"","foodbook_menu_hover_color":"","foodbook_sub_menu_bg":"","foodbook_sub_menu_text_color":"","foodbook_sub_menu_hover_text_color":"","foodbook_sticky_menu_trigger_bg":"","foodbook_sticky_menu_trigger_cross_bg":"","foodbook_sticky_header_background_color":"","foodbook_sticky_header_background_color_when_menu_show":"","foodbook_sticky_menu_color":"","foodbook_sticky_menu_active_color":"","foodbook_sticky_menu_hover_color":"","foodbook_sticky_sub_menu_bg":"","foodbook_sticky_sub_menu_text_color":"","foodbook_sticky_sub_menu_hover_text_color":"","mobile_menu_trigger_color":"","mobile_offcanvas_logo":{"url":"","id":"","height":"","width":"","thumbnail":""},"logo_url":"","offcanvas_bg_color":"","menu_color":"","menu_icon_color":"","foodbook_header_bg":{"background-color":"","background-repeat":"","background-size":"","background-attachment":"","background-position":"","background-image":"","media":{"id":"","height":"","width":"","thumbnail":""}},"foodbook_overlay_show_hide":"","foodbook_overlay_color":"","foodbook_overlay_opacity":"0.3","foodbook_header_content_alignment":"center","foodbook_header_text_show_hide":"1","foodbook_header_text_color":"","foodbook_enable_bread":"1","foodbook_link_color":"","foodbook_link_hover_color":"","foodbook_active_color":"","foodbook_divider_color":"","foodbook_blog_layout":"3","foodbook_post_column":"2","foodbook_title_color":"","foodbook_title_color_on_hover":"","foodbook_show_post_excerpt":"","foodbook_post_excerpt":"","foodbook_post_excerpt_color":"","foodbook_button_text":"Read More","foodbook_read_more_button_color":"","foodbook_read_more_button_color_on_hover":"","foodbook_read_more_border_color":"","foodbook_pagination_position":"center","foodbook_post_pagination_active_color":"","foodbook_post_pagination_active_background":"","foodbook_post_pagination_color":"","foodbook_post_pagination_bg":"","foodbook_post_pagination_hover_bg":"","foodbook_post_pagination_hover_text_color":"","foodbook_post_pagination_prev_icon_color":"","foodbook_post_pagination_prev_icon_background":"","foodbook_post_pagination_prev_icon_color_on_hover":"","foodbook_post_pagination_prev_icon_background_on_hover":"","foodbook_post_pagination_next_icon_color":"","foodbook_post_pagination_next_icon_background":"","foodbook_post_pagination_next_icon_color_on_hover":"","foodbook_post_pagination_next_icon_background_on_hover":"","foodbook_date_enable":"1","foodbook_date_color":"","foodbook_date_color_on_hover":"","foodbook_blog_single_layout":"3","foodbook_single_title_position":"1","foodbook_single_enable_category":"1","foodbook_single_category_color":"","foodbook_single_category_color_hover":"","foodbook_author_enable":"1","foodbook_single_author_color":"","foodbook_single_author_color_hover":"","foodbook_single_post_time_enable":"1","foodbook_single_post_time_color":"","foodbook_single_post_time_color_hover":"","foodbook_single_tag_enable_disable":"1","foodbook_single_tag_background":"","foodbook_single_tag_color":"","foodbook_single_tag_hover_color":"","foodbook_enable_disable_navigation":"1","foodbook_page_layout":"1","mailchimp_api_key":"","mailchimp_list_id":"","foodbook_coming_image":{"url":"","id":"","height":"","width":"","thumbnail":""},"foodbook_coming_soon_title":"","foodbook_coming_soon_title_color":"","foodbook_coming_soon_simple_title":"","foodbook_coming_soon_simple_title_color":"","foodbook_subscribe_form_title":"","foodbook_subscribe_form_title_color":"","foodbook_coming_soon_form_placeholder":"Enter your email","foodbook_coming_soon_form_background":"","foodbook_coming_soon_form_focus_background":"","foodbook_coming_soon_form_placeholder_color":"","foodbook_coming_soon_button":"Subscribe","foodbook_coming_soon_search_btn_color":"","foodbook_coming_soon_subscribe_btn_bg_color":"","social_icon_slide":[{"title":"","progress":"","icon":"fa-facebook","facts-number":"","url":"#","sort":"0","attachment_id":"","thumb":"","image":"","height":"","width":""},{"title":"","progress":"","icon":"fa-twitter","facts-number":"","url":"#","sort":"1","attachment_id":"","thumb":"","image":"","height":"","width":""},{"title":"","progress":"","icon":"fa-instagram","facts-number":"","url":"#","sort":"2","attachment_id":"","thumb":"","image":"","height":"","width":""}],"social_icon_one_color":"#111111","social_icon_one_color_hover":"","foodbook_404_image":{"url":"https:\/\/themelooks.net\/demo\/foodbook\/wp-content\/uploads\/2021\/01\/404.png","id":"939","height":"365","width":"480","thumbnail":"https:\/\/themelooks.net\/demo\/foodbook\/wp-content\/uploads\/2021\/01\/404-150x150.png"},"foodbook_404_title":"404 Error!","foodbook_404_title_color":"","foodbook_404_simple_title":"","foodbook_404_simple_title_color":"","foodbook_404_form_title":"What Are You Looking For Search Here","foodbook_404_form_title_color":"","foodbook_404_form_placeholder":"Search Here","foodbook_404_form_background":"","foodbook_404_form_focus_background":"","foodbook_404_form_placeholder_color":"","foodbook_404_button":"Search","foodbook_404_search_btn_color":"","foodbook_404_subscribe_btn_bg_color":"","foodbook_woo_shoppage_sidebar":"1","foodbook_woo_product_col":"3","foodbook_woo_product_perpage":"10","foodbook_woo_singlepage_sidebar":"1","foodbook_product_details_title_position":"header","foodbook_woo_relproduct_num":"3","foodbook_woo_related_product_col":"4","foodbook_woo_upsellproduct_num":"3","foodbook_woo_upsell_product_col":"4","foodbook_woo_crosssellproduct_num":"3","foodbook_woo_crosssell_product_col":"4","foodbook_footer_style":"2","foodbook_footer_background":{"background-color":"","background-repeat":"","background-size":"","background-attachment":"","background-position":"","background-image":"https:\/\/themelooks.net\/demo\/foodbook\/wp-content\/uploads\/2021\/01\/footer_bg.png","media":{"id":"875","height":"509","width":"1920","thumbnail":"https:\/\/themelooks.net\/demo\/foodbook\/wp-content\/uploads\/2021\/01\/footer_bg-150x150.png"}},"foodbook_footer_logo":{"url":"https:\/\/themelooks.net\/demo\/foodbook\/wp-content\/uploads\/2021\/01\/footer_logo.png","id":"866","height":"40","width":"169","thumbnail":"https:\/\/themelooks.net\/demo\/foodbook\/wp-content\/uploads\/2021\/01\/footer_logo-150x40.png"},"foodbook_footer_description_text":"The key to more success is to have a lot of pillows. Always remember its the jungle theres lot of they<br> in there after you overcome they you will make to paradise.","foodbook_restaurant_opening_hour_text":"Opening Hours: Sun - Fri  (9am - 6pm)","foodbook_disable_newletter":"1","foodbook_newsletter_placeholder_text":"Enter Your Email","foodbook_disable_footer_menu":"1","foodbook_footerwidget_enable":"2","foodbook_footercol_switch":"2","foodbook_footer_widget_background":{"background-color":"","background-repeat":"","background-size":"","background-attachment":"","background-position":"","background-image":"","media":{"id":"","height":"","width":"","thumbnail":""}},"foodbook_footer_widget_title_color":"","foodbook_footer_widget_color":"","foodbook_footer_widget_ancor_color":"","foodbook_disable_footer_bottom":"1","foodbook_footer_bottom_background":"transparent","foodbook_footer_text":"\u00a9 Developed by <a href=\"https:\/\/themelooks.net\/demo\/foodbook\/\">Themelooks<\/a> 2021","foodbook_footer_bottom_color":"","foodbook_footer_ancor_color":"","foodbook_footer_widget_ancor_hover_color":"","foodbook_css_editor":"","redux-backup":1}